{"cameraMode":{"drawMode":0,"name":"Shaded","section":"Shading Mode"},"sceneLighting":false,"audioPlay":false,"sceneViewState":{"m_AlwaysRefresh":true,"showFog":true,"showSkybox":false,"showFlares":true,"showImageEffects":true,"showParticleSystems":true,"showVisualEffectGraphs":true,"m_FxEnabled":true},"in2DMode":false,"pivot":{"x":1.9739516973495484,"y":-13.87241268157959,"z":-10.656810760498047},"rotation":{"x":0.13482658565044404,"y":-0.14920541644096375,"z":0.020543726161122323,"w":0.9793540239334106},"size":11.411661148071289,"orthographic":false}