{"cameraMode":{"drawMode":0,"name":"Shaded","section":"Shading Mode"},"sceneLighting":false,"audioPlay":false,"sceneViewState":{"m_AlwaysRefresh":true,"showFog":true,"showSkybox":false,"showFlares":true,"showImageEffects":true,"showParticleSystems":true,"showVisualEffectGraphs":true,"m_FxEnabled":true},"in2DMode":false,"pivot":{"x":0.10994434356689453,"y":-19.079635620117189,"z":-0.22841429710388184},"rotation":{"x":0.09400691092014313,"y":-0.02926752157509327,"z":-0.0027868400793522598,"w":-0.9951058030128479},"size":5.241665363311768,"orthographic":false}