{"cameraMode":{"drawMode":0,"name":"Shaded","section":"Shading Mode"},"sceneLighting":false,"audioPlay":false,"sceneViewState":{"m_AlwaysRefresh":true,"showFog":true,"showSkybox":false,"showFlares":true,"showImageEffects":true,"showParticleSystems":true,"showVisualEffectGraphs":true,"m_FxEnabled":true},"in2DMode":false,"pivot":{"x":2.354780435562134,"y":-12.6283597946167,"z":-10.834068298339844},"rotation":{"x":0.06763613224029541,"y":-0.059515248984098437,"z":0.004045155830681324,"w":0.9959202408790588},"size":11.925186157226563,"orthographic":false}