{"cameraMode":{"drawMode":0,"name":"Shaded","section":"Shading Mode"},"sceneLighting":false,"audioPlay":false,"sceneViewState":{"m_AlwaysRefresh":true,"showFog":true,"showSkybox":true,"showFlares":true,"showImageEffects":true,"showParticleSystems":true,"showVisualEffectGraphs":true,"m_FxEnabled":true},"in2DMode":false,"pivot":{"x":2.121901273727417,"y":-14.519585609436036,"z":2.5187315940856935},"rotation":{"x":0.0002979261917062104,"y":0.9979442358016968,"z":-0.004799888003617525,"w":0.06325186789035797},"size":13.022601127624512,"orthographic":false}